{"train_losses": [0.18390712155029176, 0.060174753973260525, 0.037052992128185, 0.027743568166159093, 0.022416473775403574, 0.020877286684539285, 0.021042984061059544, 0.012518849507090635, 0.01412763535763952, 0.009145611184569134, 0.014510445884097863, 0.0141044308526034, 0.00819253098552872, 0.009394183361120667, 0.0072166004160571905, 0.014209247652092017], "dev_losses": [0.7600852288305759, 0.5558035178110003, 0.04304586009311606, 0.028535790503042335, 0.0406410087034601, 0.04175642984591832, 0.04906851746395091, 0.058558279176395445, 0.02219829695104636, 0.06853520172096328, 0.12401406100616441, 0.026280168310677254, 0.046237817992732744, 0.13970472982521187, 0.057451076557072156, 0.03077414936294076]}