{"train_losses": [0.7634629480838776, 0.48198541831970215, 0.13156099440343677, 0.06814970284327865, 0.040220537800807504, 0.050101568496320394, 0.05008413314213976, 0.07167189470119774, 0.0382203244487755, 0.034752656008582565, 0.02650592273444636, 0.02192660870065447, 0.055018836946692316, 0.028214306512323675, 0.02508985816774657, 0.022739776595059085, 0.024813238010625356, 0.024701442929042968, 0.02969126260302437], "dev_losses": [0.6820103228092194, 0.14137138228397816, 0.10114672788768075, 0.03783906588796526, 0.026478257379494607, 0.057901330990716815, 0.27236419322434813, 0.07728484115796164, 0.03779432166084007, 0.04560740417218767, 0.03987483040509687, 0.024532921660465945, 0.04635180896730162, 0.03521081780490931, 0.036374432752381836, 0.043422652437584475, 0.03749984125715855, 0.055447041375373374, 0.03797134562773863]}